No.,Ticker,Company,Sector,Industry,Country,Market Cap,P/E,Price,Change,Volume
1,COST,Costco Wholesale Corp,Consumer Defensive,Discount Stores,USA,447.39B,52.45,1008.43,0.51%,"1,466,785"
2,LLY,Lilly(Eli) & Co,Healthcare,Drug Manufacturers - General,USA,930.72B,43.61,985.08,0.80%,"1,981,637"
3,GEV,GE Vernova Inc,Industrials,Specialty Industrial Machinery,USA,216.98B,45.25,805.02,-3.26%,"2,206,406"
4,GS,"Goldman Sachs Group, Inc",Financial,Capital Markets,USA,232.12B,15.25,782.21,-0.67%,"2,405,658"
5,CAT,Caterpillar Inc,Industrials,Farm & Heavy Construction Machinery,USA,322.90B,36.86,693.99,-0.96%,"2,040,413"
6,SNDK,Sandisk Corp,Technology,Computer Hardware,USA,97.66B,-,661.62,6.92%,"18,711,310"
7,LITE,Lumentum Holdings Inc,Technology,Communication Equipment,USA,44.45B,190.34,622.50,1.04%,"3,830,772"
8,META,Meta Platforms Inc,Communication Services,Internet Content & Information,USA,1552.41B,26.13,613.71,-3.83%,"18,784,871"
9,SPOT,Spotify Technology S.A,Communication Services,Internet Content & Information,Luxembourg,106.22B,53.48,516.06,1.27%,"1,162,912"
10,MA,Mastercard Incorporated,Financial,Credit Services,USA,444.11B,30.14,497.99,0.14%,"2,808,174"
11,LIN,Linde Plc,Basic Materials,Specialty Chemicals,United Kingdom,228.88B,33.84,493.92,0.72%,"2,647,641"
12,BRK-B,Berkshire Hathaway Inc,Financial,Insurance - Diversified,USA,1057.05B,15.79,490.03,-0.38%,"3,551,169"
13,TMO,Thermo Fisher Scientific Inc,Healthcare,Diagnostics & Research,USA,172.51B,26.18,464.37,-2.42%,"2,971,264"
14,APP,Applovin Corp,Communication Services,Advertising Agencies,USA,154.70B,48.55,458.67,2.08%,"3,658,621"
15,CRWD,Crowdstrike Holdings Inc,Technology,Software - Infrastructure,USA,112.04B,-,441.78,0.05%,"2,180,333"
16,INTU,Intuit Inc,Technology,Software - Application,USA,121.67B,28.54,439.96,1.11%,"2,323,279"
17,MU,Micron Technology Inc,Technology,Semiconductors,USA,479.61B,40.51,426.13,5.13%,"39,066,316"
18,SPGI,S&P Global Inc,Financial,Financial Data & Stock Exchanges,USA,126.24B,28.82,422.49,0.66%,"1,789,211"
19,SNPS,"Synopsys, Inc",Technology,Software - Infrastructure,USA,79.04B,63.77,412.63,-1.45%,"1,487,335"
20,MSFT,Microsoft Corporation,Technology,Software - Infrastructure,USA,2937.21B,24.75,395.55,-1.57%,"26,404,284"
21,TSLA,Tesla Inc,Consumer Cyclical,Auto Manufacturers,USA,1467.95B,363.57,391.20,-0.96%,"58,160,773"
22,STX,Seagate Technology Holdings Plc,Technology,Computer Hardware,USA,83.68B,43.39,383.71,2.60%,"2,900,783"
23,AMGN,AMGEN Inc,Healthcare,Drug Manufacturers - General,USA,197.41B,25.73,366.21,-0.43%,"1,475,938"
24,ETN,Eaton Corporation plc,Industrials,Specialty Industrial Machinery,Ireland,137.86B,34.00,355.40,1.94%,"3,581,548"
25,AMAT,Applied Materials Inc,Technology,Semiconductor Equipment & Materials,USA,271.04B,34.98,341.53,1.26%,"5,182,971"
26,HD,"Home Depot, Inc",Consumer Cyclical,Home Improvement Retail,USA,337.51B,23.82,339.03,0.03%,"2,529,357"
27,TSM,Taiwan Semiconductor Manufacturing ADR,Technology,Semiconductors,Taiwan,1754.64B,31.73,338.31,0.48%,"17,264,002"
28,CIEN,CIENA Corp,Technology,Communication Equipment,USA,47.70B,214.25,337.38,0.16%,"2,408,167"
29,MCD,McDonald's Corp,Consumer Cyclical,Restaurants,USA,231.92B,27.31,326.46,0.79%,"2,378,378"
30,AVGO,Broadcom Inc,Technology,Semiconductors,USA,1525.32B,62.84,322.16,-4.11%,"34,433,723"
31,CME,CME Group Inc,Financial,Financial Data & Stock Exchanges,USA,111.68B,27.90,311.40,0.07%,"2,253,388"
32,V,Visa Inc,Financial,Credit Services,USA,585.41B,29.11,307.14,0.21%,"4,811,589"
33,ADI,Analog Devices Inc,Technology,Semiconductors,USA,149.42B,55.91,306.07,-0.39%,"2,792,525"
34,GOOGL,Alphabet Inc,Communication Services,Internet Content & Information,USA,3652.22B,27.97,302.28,-0.42%,"23,571,573"
35,CEG,Constellation Energy Corporation,Utilities,Utilities - Independent Power Producers,USA,109.24B,40.78,301.77,0.07%,"1,987,435"
36,GOOG,Alphabet Inc,Communication Services,Internet Content & Information,USA,3652.22B,27.90,301.46,-0.58%,"16,691,653"
37,CVNA,Carvana Co,Consumer Cyclical,Auto & Truck Dealerships,USA,65.69B,30.66,300.15,2.57%,"2,944,894"
38,AXP,American Express Co,Financial,Credit Services,USA,205.96B,19.50,299.96,-0.64%,"2,633,655"
39,GE,GE Aerospace,Industrials,Aerospace & Defense,USA,314.32B,36.82,299.69,-2.29%,"5,733,653"
40,CDNS,"Cadence Design Systems, Inc",Technology,Software - Application,USA,78.26B,70.75,287.03,-1.13%,"1,837,807"
41,TER,"Teradyne, Inc",Technology,Semiconductor Equipment & Materials,USA,44.84B,82.23,286.42,-0.07%,"1,644,647"
42,JPM,JPMorgan Chase & Co,Financial,Banks - Diversified,USA,764.45B,14.16,283.44,0.19%,"9,081,622"
43,UNH,Unitedhealth Group Inc,Healthcare,Healthcare Plans,USA,256.05B,21.38,282.09,1.82%,"4,715,531"
44,RCL,Royal Caribbean Group,Consumer Cyclical,Travel Services,USA,73.73B,17.52,272.54,2.27%,"2,247,731"
45,WDC,Western Digital Corp,Technology,Computer Hardware,USA,92.32B,27.34,272.29,4.25%,"8,180,169"
46,CLS,"Celestica, Inc",Technology,Electronic Components,Canada,30.29B,36.71,263.46,-0.54%,"1,123,490"
47,VRT,Vertiv Holdings Co,Industrials,Electrical Equipment & Parts,USA,99.05B,75.91,258.88,-2.45%,"6,966,964"
48,LNG,Cheniere Energy Inc,Energy,Oil & Gas Midstream,USA,53.03B,10.37,252.27,-0.62%,"2,335,911"
49,ADSK,Autodesk Inc,Technology,Software - Application,USA,53.00B,48.01,251.17,0.51%,"1,442,228"
50,AAPL,Apple Inc,Technology,Consumer Electronics,USA,3672.05B,31.65,250.12,-2.21%,"36,650,410"
51,ADBE,Adobe Inc,Technology,Software - Application,USA,102.35B,14.52,249.32,-7.58%,"17,343,752"
52,IBM,International Business Machines Corp,Technology,Information Technology Services,USA,231.02B,22.09,246.28,-0.57%,"4,335,182"
53,COHR,Coherent Corp,Technology,Scientific & Technical Instruments,USA,45.51B,240.26,242.76,0.62%,"3,920,994"
54,UNP,Union Pacific Corp,Industrials,Railroads,USA,143.86B,20.23,242.44,-0.68%,"2,784,297"
55,JNJ,Johnson & Johnson,Healthcare,Drug Manufacturers - General,USA,582.04B,21.87,241.52,-0.21%,"6,413,502"
56,WM,"Waste Management, Inc",Industrials,Waste Management,USA,96.21B,35.61,238.53,-0.03%,"2,240,423"
57,LOW,"Lowe's Cos., Inc",Consumer Cyclical,Home Improvement Retail,USA,133.28B,20.06,237.59,-0.78%,"2,754,149"
58,HWM,Howmet Aerospace Inc,Industrials,Aerospace & Defense,USA,94.92B,63.74,236.75,-2.90%,"2,632,210"
59,HON,Honeywell International Inc,Industrials,Conglomerates,USA,149.07B,29.34,234.50,0.47%,"3,117,215"
60,VLO,Valero Energy Corp,Energy,Oil & Gas Refining & Marketing,USA,68.95B,30.15,230.59,-2.21%,"4,080,657"
61,EXPE,Expedia Group Inc,Consumer Cyclical,Travel Services,USA,27.98B,23.19,228.37,0.32%,"1,194,809"
62,MPC,Marathon Petroleum Corp,Energy,Oil & Gas Refining & Marketing,USA,66.66B,16.96,226.18,-1.69%,"2,611,965"
63,ABBV,Abbvie Inc,Healthcare,Drug Manufacturers - General,USA,388.43B,93.03,219.68,-2.52%,"5,665,904"
64,TMUS,T-Mobile US Inc,Communication Services,Telecom Services,USA,239.53B,22.39,217.39,1.41%,"2,829,514"
65,NET,Cloudflare Inc,Technology,Software - Infrastructure,USA,74.78B,-,212.45,0.16%,"2,539,606"
66,LRCX,Lam Research Corp,Technology,Semiconductor Equipment & Materials,USA,264.99B,43.49,212.20,1.29%,"8,879,743"
67,BA,Boeing Co,Industrials,Aerospace & Defense,USA,164.84B,110.71,209.89,2.51%,"8,901,986"
68,TTWO,"Take-Two Interactive Software, Inc",Communication Services,Electronic Gaming & Multimedia,USA,38.62B,-,208.58,-0.30%,"1,633,170"
69,ADP,Automatic Data Processing Inc,Technology,Software - Application,USA,83.96B,20.03,208.52,0.52%,"3,135,218"
70,AJG,Arthur J. Gallagher & Co,Financial,Insurance Brokers,USA,53.46B,36.18,207.93,1.82%,"2,477,699"
71,WELL,Welltower Inc,Real Estate,REIT - Healthcare Facilities,USA,145.01B,-,207.82,0.79%,"2,791,084"
72,AMZN,Amazon.com Inc,Consumer Cyclical,Internet Retail,USA,2229.32B,28.95,207.67,-0.89%,"35,465,146"
73,AEM,Agnico Eagle Mines Ltd,Basic Materials,Gold,Canada,103.98B,23.38,207.54,-4.90%,"2,704,281"
74,ROST,"Ross Stores, Inc",Consumer Cyclical,Apparel Retail,USA,66.72B,31.19,206.28,-1.70%,"2,583,078"
75,PGR,Progressive Corp,Financial,Insurance - Property & Casualty,USA,120.21B,10.66,205.17,-0.00%,"2,552,776"
76,RTX,RTX Corp,Industrials,Aerospace & Defense,USA,274.52B,41.21,204.52,0.73%,"4,770,638"
77,PNC,PNC Financial Services Group Inc,Financial,Banks - Regional,USA,81.13B,12.11,201.13,-0.77%,"2,930,897"
78,TEL,TE Connectivity plc,Technology,Electronic Components,Ireland,58.51B,28.76,199.41,0.79%,"1,661,298"
79,CVX,Chevron Corp,Energy,Oil & Gas Integrated,USA,392.73B,29.61,196.82,-0.08%,"13,002,125"
80,ACN,Accenture plc,Technology,Information Technology Services,Ireland,121.00B,16.26,196.65,0.31%,"4,210,214"
81,FSLR,First Solar Inc,Technology,Solar,USA,21.04B,13.80,196.07,-0.75%,"1,166,486"
82,COIN,Coinbase Global Inc,Financial,Financial Data & Stock Exchanges,USA,51.63B,44.54,195.53,1.19%,"12,067,200"
83,CTAS,Cintas Corporation,Industrials,Specialty Business Services,USA,77.69B,41.99,194.28,0.53%,"2,265,016"
84,AMD,Advanced Micro Devices Inc,Technology,Semiconductors,USA,315.31B,73.12,193.39,-2.20%,"27,419,498"
85,CRM,Salesforce Inc,Technology,Software - Application,USA,177.98B,24.70,192.83,-3.24%,"14,653,923"
86,NXPI,NXP Semiconductors NV,Technology,Semiconductors,Netherlands,48.23B,24.02,190.86,-0.19%,"2,882,304"
87,TXN,Texas Instruments Inc,Technology,Semiconductors,USA,173.70B,35.04,190.78,0.38%,"3,685,359"
88,SAP,Sap SE ADR,Technology,Software - Application,Germany,221.76B,26.89,189.94,-0.29%,"1,687,107"
89,DHR,Danaher Corp,Healthcare,Diagnostics & Research,USA,132.46B,37.08,187.32,0.57%,"4,134,109"
90,AMT,American Tower Corp,Real Estate,REIT - Specialty,USA,85.95B,34.17,184.41,2.53%,"3,172,406"
91,FANG,Diamondback Energy Inc,Energy,Oil & Gas E&P,USA,51.30B,32.34,182.37,3.03%,"4,098,742"
92,ODFL,"Old Dominion Freight Line, Inc",Industrials,Trucking,USA,37.67B,37.37,180.75,2.56%,"3,081,213"
93,NVDA,NVIDIA Corp,Technology,Semiconductors,USA,4380.07B,36.77,180.25,-1.58%,"160,189,835"
94,COF,Capital One Financial Corp,Financial,Credit Services,USA,111.82B,60.96,179.79,1.32%,"5,801,793"
95,DLR,Digital Realty Trust Inc,Real Estate,REIT - Specialty,USA,61.72B,49.93,179.61,-0.44%,"1,576,700"
96,VEEV,Veeva Systems Inc,Healthcare,Health Information Services,USA,29.40B,33.03,178.88,-1.06%,"1,680,695"
97,SNOW,Snowflake Inc,Technology,Software - Application,USA,61.14B,-,178.66,0.80%,"3,908,468"
98,PM,Philip Morris International Inc,Consumer Defensive,Tobacco,USA,271.89B,24.04,174.66,1.55%,"6,600,536"
99,PSX,Phillips 66,Energy,Oil & Gas Refining & Marketing,USA,69.22B,15.94,172.74,-0.78%,"3,606,034"
100,MRSH,Marsh,Financial,Insurance Brokers,USA,83.34B,20.44,172.15,0.74%,"1,699,839"
101,SCCO,Southern Copper Corporation,Basic Materials,Copper,USA,139.93B,32.89,170.83,-5.39%,"2,120,723"
102,CHRW,"C.H. Robinson Worldwide, Inc",Industrials,Integrated Freight & Logistics,USA,20.09B,35.05,169.39,-1.44%,"1,603,090"
103,PANW,Palo Alto Networks Inc,Technology,Software - Infrastructure,USA,136.28B,92.42,167.01,-0.66%,"6,191,158"
104,IQV,IQVIA Holdings Inc,Healthcare,Diagnostics & Research,USA,27.95B,20.96,164.72,1.10%,"1,600,374"
105,DASH,DoorDash Inc,Consumer Cyclical,Internet Retail,USA,70.10B,75.88,161.36,-0.24%,"2,563,273"
106,YUM,Yum Brands Inc,Consumer Cyclical,Restaurants,USA,44.34B,28.89,160.40,1.22%,"1,119,544"
107,BDX,Becton Dickinson & Co,Healthcare,Medical Instruments & Supplies,USA,45.38B,26.03,159.36,-0.17%,"2,357,758"
108,ICE,Intercontinental Exchange Inc,Financial,Financial Data & Stock Exchanges,USA,90.41B,27.59,159.20,0.37%,"2,384,500"
109,VST,Vistra Corp,Utilities,Utilities - Independent Power Producers,USA,53.56B,72.61,158.95,-0.39%,"3,672,849"
110,ALB,Albemarle Corp,Basic Materials,Specialty Chemicals,USA,18.65B,-,158.22,-3.46%,"1,896,438"
111,LULU,Lululemon Athletica inc,Consumer Cyclical,Apparel Retail,Canada,19.32B,11.01,157.78,-0.26%,"2,413,286"
112,XOM,Exxon Mobil Corp,Energy,Oil & Gas Integrated,USA,650.52B,23.32,156.12,1.69%,"22,374,567"
113,ORCL,Oracle Corp,Technology,Software - Infrastructure,USA,446.10B,27.85,155.11,-2.54%,"26,205,240"
114,MS,Morgan Stanley,Financial,Capital Markets,USA,245.91B,15.17,154.87,0.32%,"5,996,198"
115,BE,Bloom Energy Corp,Industrials,Electrical Equipment & Parts,USA,43.35B,-,154.51,-1.69%,"7,632,634"
116,LYV,Live Nation Entertainment Inc,Communication Services,Entertainment,USA,35.78B,-,153.97,-3.96%,"4,034,505"
117,ZS,Zscaler Inc,Technology,Software - Infrastructure,USA,24.72B,-,153.76,1.42%,"2,101,842"
118,NRG,NRG Energy Inc,Utilities,Utilities - Independent Power Producers,USA,32.75B,38.72,152.87,0.51%,"1,774,744"
119,DELL,Dell Technologies Inc,Technology,Computer Hardware,USA,100.48B,17.39,151.62,1.14%,"6,418,975"
120,MMM,3M Co,Industrials,Conglomerates,USA,79.51B,25.18,150.96,1.25%,"4,009,178"
121,PLTR,Palantir Technologies Inc,Technology,Software - Infrastructure,USA,361.02B,238.54,150.95,-1.66%,"42,177,116"
122,STZ,Constellation Brands Inc,Consumer Defensive,Beverages - Brewers,USA,26.04B,23.68,150.14,1.23%,"1,222,627"
123,GILD,"Gilead Sciences, Inc",Healthcare,Drug Manufacturers - General,USA,179.99B,21.38,144.99,-0.15%,"4,375,412"
124,TPR,Tapestry Inc,Consumer Cyclical,Luxury Goods,USA,28.77B,58.90,142.10,-0.40%,"1,474,508"
125,DHI,D.R. Horton Inc,Consumer Cyclical,Residential Construction,USA,40.70B,12.76,140.49,1.04%,"2,885,509"
126,WPM,Wheaton Precious Metals Corp,Basic Materials,Gold,Canada,63.50B,43.22,139.87,-4.02%,"2,586,311"
127,MSTR,Strategy Inc,Technology,Software - Application,USA,46.62B,-,139.67,1.70%,"23,563,061"
128,INSM,Insmed Inc,Healthcare,Biotechnology,USA,30.07B,-,139.50,-0.01%,"1,480,821"
129,BABA,Alibaba Group Holding Ltd ADR,Consumer Cyclical,Internet Retail,China,303.80B,18.62,135.21,0.75%,"6,396,632"
130,APH,Amphenol Corp,Technology,Electronic Components,USA,164.62B,40.10,133.92,1.86%,"7,062,308"
131,CBRE,CBRE Group Inc,Real Estate,Real Estate Services,USA,39.49B,34.74,133.80,1.49%,"2,010,775"
132,EOG,"EOG Resources, Inc",Energy,Oil & Gas E&P,USA,71.68B,14.66,133.60,0.42%,"4,131,849"
133,ANET,Arista Networks Inc,Technology,Computer Hardware,USA,167.84B,48.51,133.57,-0.34%,"5,352,025"
134,WDAY,Workday Inc,Technology,Software - Application,USA,34.20B,51.51,133.09,-0.78%,"4,252,184"
135,RDDT,Reddit Inc,Communication Services,Internet Content & Information,USA,25.29B,49.73,132.36,0.08%,"3,028,018"
136,EMR,Emerson Electric Co,Industrials,Specialty Industrial Machinery,USA,74.36B,32.30,132.24,0.05%,"3,530,982"
137,DG,Dollar General Corp,Consumer Defensive,Discount Stores,USA,29.02B,19.25,131.84,-3.02%,"3,769,134"
138,JCI,Johnson Controls International plc,Industrials,Building Products & Equipment,Ireland,79.67B,24.49,130.16,-0.60%,"4,089,204"
139,QCOM,"Qualcomm, Inc",Technology,Semiconductors,USA,138.52B,26.82,129.82,-1.01%,"7,726,668"
140,CF,CF Industries Holdings Inc,Basic Materials,Agricultural Inputs,USA,19.91B,14.41,129.57,-4.73%,"7,669,432"
141,GLW,"Corning, Inc",Technology,Electronic Components,USA,110.78B,70.22,129.12,-0.50%,"6,653,938"
142,ABNB,Airbnb Inc,Consumer Cyclical,Travel Services,USA,76.88B,31.25,126.30,-1.10%,"3,000,532"
143,DDOG,Datadog Inc,Technology,Software - Application,USA,43.93B,420.39,124.52,-2.08%,"3,990,787"
144,TWLO,Twilio Inc,Technology,Software - Infrastructure,USA,18.86B,631.66,124.50,-0.80%,"1,288,666"
145,BIDU,Baidu Inc ADR,Communication Services,Internet Content & Information,China,34.52B,74.33,124.07,0.74%,"2,980,197"
146,SHOP,Shopify Inc,Technology,Software - Application,Canada,160.35B,131.28,122.96,-2.54%,"7,724,838"
147,STT,State Street Corp,Financial,Asset Management,USA,33.82B,12.90,121.34,-1.52%,"1,659,022"
148,ALAB,Astera Labs Inc,Technology,Semiconductors,USA,20.48B,98.70,120.31,0.34%,"3,438,227"
149,ILMN,Illumina Inc,Healthcare,Diagnostics & Research,USA,18.19B,21.77,118.94,2.92%,"1,769,603"
150,CRDO,Credo Technology Group Holding Ltd,Technology,Semiconductors,Cayman Islands,21.71B,65.27,117.69,5.49%,"4,480,343"
151,TGT,Target Corp,Consumer Defensive,Discount Stores,USA,53.14B,14.43,117.34,1.37%,"5,281,239"
152,ARM,Arm Holdings plc. ADR,Technology,Semiconductors,United Kingdom,122.93B,154.23,115.75,0.55%,"2,452,782"
153,ZTS,Zoetis Inc,Healthcare,Drug Manufacturers - Specialty & Generic,USA,48.81B,19.20,115.62,0.14%,"3,776,678"
154,CRCL,Circle Internet Group Inc,Financial,Capital Markets,USA,28.48B,-,115.38,1.05%,"11,286,932"
155,NOW,ServiceNow Inc,Technology,Software - Application,USA,118.85B,68.06,113.62,0.58%,"14,827,359"
156,NBIS,Nebius Group N.V,Technology,Software - Infrastructure,Netherlands,28.43B,221.60,112.95,4.54%,"15,377,972"
157,A,Agilent Technologies Inc,Healthcare,Diagnostics & Research,USA,31.51B,24.59,111.51,-0.11%,"1,720,512"
158,CLX,Clorox Co,Consumer Defensive,Household & Personal Products,USA,13.38B,18.08,110.68,1.79%,"1,674,016"
159,NVT,nVent Electric plc,Industrials,Electrical Equipment & Parts,United Kingdom,17.78B,25.74,109.93,1.91%,"2,601,209"
160,NEM,Newmont Corp,Basic Materials,Gold,USA,119.21B,17.16,109.58,-4.28%,"10,447,555"
161,Q,Qnity Electronics Inc,Technology,Semiconductor Equipment & Materials,USA,22.86B,33.01,109.05,1.88%,"2,172,542"
162,FLUT,Flutter Entertainment Plc,Consumer Cyclical,Gambling,USA,19.00B,-,108.37,2.69%,"2,576,010"
163,SATS,EchoStar Corp,Communication Services,Telecom Services,USA,31.30B,-,108.34,0.58%,"3,147,837"
164,ENTG,Entegris Inc,Technology,Semiconductor Equipment & Materials,USA,16.46B,69.93,108.28,-1.55%,"3,106,409"
165,CCJ,Cameco Corp,Energy,Uranium,Canada,46.99B,111.11,107.92,-6.40%,"6,604,512"
166,AKAM,Akamai Technologies Inc,Technology,Software - Infrastructure,USA,15.60B,35.01,107.67,2.09%,"3,361,811"
167,DLTR,Dollar Tree Inc,Consumer Defensive,Discount Stores,USA,21.37B,-,107.46,-3.80%,"4,426,880"
168,EXE,Expand Energy Corp,Energy,Oil & Gas E&P,USA,25.73B,14.19,107.02,-0.75%,"2,705,190"
169,BX,Blackstone Inc,Financial,Asset Management,USA,130.51B,27.61,106.78,4.56%,"11,067,845"
170,C,Citigroup Inc,Financial,Banks - Diversified,USA,184.89B,15.17,105.69,0.18%,"11,272,350"
171,APO,Apollo Global Management Inc,Financial,Asset Management,USA,60.39B,19.09,104.44,4.13%,"8,091,590"
172,PPG,"PPG Industries, Inc",Basic Materials,Specialty Chemicals,USA,22.77B,14.72,101.89,1.15%,"2,237,267"
173,ARES,Ares Management Corp,Financial,Asset Management,USA,33.53B,58.20,101.76,5.45%,"5,194,717"
174,DECK,Deckers Outdoor Corp,Consumer Cyclical,Footwear & Accessories,USA,14.31B,14.24,100.78,0.09%,"1,974,756"
175,KRMN,Karman Holdings Inc,Industrials,Aerospace & Defense,USA,13.23B,1167.99,99.98,1.01%,"1,539,230"
176,CRH,CRH Plc,Basic Materials,Building Materials,USA,66.70B,18.08,99.82,0.09%,"6,092,459"
177,DUOL,Duolingo Inc,Technology,Software - Application,USA,4.62B,11.68,98.39,3.66%,"2,389,822"
178,AAOI,Applied Optoelectronics Inc,Technology,Communication Equipment,USA,7.28B,-,96.81,-8.83%,"14,778,286"
179,TRI,Thomson-Reuters Corp,Industrials,Specialty Business Services,Canada,42.85B,28.91,96.34,-2.96%,"2,719,205"
180,LEN,Lennar Corp,Consumer Cyclical,Residential Construction,USA,23.35B,13.63,94.96,2.62%,"4,496,362"
181,AU,AngloGold Ashanti Plc,Basic Materials,Gold,United Kingdom,47.91B,18.25,94.89,-9.37%,"4,097,247"
182,RVMD,Revolution Medicines Inc,Healthcare,Biotechnology,USA,18.80B,-,94.86,-0.22%,"1,447,988"
183,RMBS,Rambus Inc,Technology,Semiconductors,USA,10.13B,44.48,94.01,4.71%,"2,039,870"
184,ROKU,Roku Inc,Communication Services,Entertainment,USA,13.51B,159.47,91.65,-3.32%,"2,950,796"
185,TTMI,TTM Technologies Inc,Technology,Electronic Components,USA,9.37B,53.93,90.64,0.11%,"1,021,734"
186,BLDR,Builders Firstsource Inc,Industrials,Building Products & Equipment,USA,9.74B,22.62,88.09,1.72%,"2,464,554"
187,WIX,Wix.com Ltd,Technology,Software - Infrastructure,Israel,4.85B,112.40,88.09,1.36%,"1,818,244"
188,EL,"Estee Lauder Cos., Inc",Consumer Defensive,Household & Personal Products,USA,31.79B,-,87.88,4.26%,"4,273,026"
189,MRVL,Marvell Technology Inc,Technology,Semiconductors,USA,76.82B,28.42,87.86,0.22%,"14,083,667"
190,KTOS,Kratos Defense & Security Solutions Inc,Industrials,Aerospace & Defense,USA,16.35B,665.12,87.53,-2.16%,"2,747,761"
191,UAL,United Airlines Holdings Inc,Industrials,Airlines,USA,28.01B,8.46,86.60,0.08%,"5,954,833"
192,ASTS,AST SpaceMobile Inc,Technology,Communication Equipment,USA,32.98B,-,86.34,-0.86%,"8,310,326"
193,SE,Sea Ltd ADR,Consumer Cyclical,Internet Retail,Singapore,47.00B,33.34,86.00,0.99%,"2,975,506"
194,KKR,KKR & Co. Inc,Financial,Asset Management,USA,76.61B,36.93,85.93,2.44%,"7,266,829"
195,CAVA,Cava Group Inc,Consumer Cyclical,Restaurants,USA,9.54B,152.22,82.00,2.05%,"2,314,934"
196,GDDY,Godaddy Inc,Technology,Software - Infrastructure,USA,10.83B,13.02,81.22,0.58%,"1,748,945"
197,CRWV,CoreWeave Inc,Technology,Software - Infrastructure,USA,42.64B,-,81.11,1.57%,"17,591,339"
198,OKTA,Okta Inc,Technology,Software - Infrastructure,USA,14.00B,60.28,79.16,0.27%,"2,209,216"
199,W,Wayfair Inc,Consumer Cyclical,Internet Retail,USA,9.90B,-,75.75,2.73%,"3,023,754"
200,TEAM,Atlassian Corporation,Technology,Software - Application,USA,19.91B,-,75.21,2.55%,"5,788,122"
201,MNDY,Monday.Com Ltd,Technology,Software - Application,Israel,3.80B,33.41,74.86,1.74%,"1,362,368"
202,ZM,Zoom Communications Inc,Technology,Software - Application,USA,21.83B,11.93,74.10,-1.12%,"2,737,132"
203,ELF,e.l.f. Beauty Inc,Consumer Defensive,Household & Personal Products,USA,4.34B,41.49,73.41,1.14%,"3,008,738"
204,HOOD,Robinhood Markets Inc,Financial,Capital Markets,USA,66.07B,35.64,73.39,-3.59%,"33,242,186"
205,SOLS,Solstice Advanced Materials Inc,Basic Materials,Specialty Chemicals,USA,11.62B,-,73.22,1.58%,"2,394,078"
206,TRU,TransUnion,Financial,Financial Data & Stock Exchanges,USA,13.47B,30.21,69.95,0.53%,"3,316,714"
207,BBIO,BridgeBio Pharma Inc,Healthcare,Biotechnology,USA,13.46B,-,69.41,2.10%,"1,820,730"
208,DOCN,DigitalOcean Holdings Inc,Technology,Software - Infrastructure,USA,6.31B,27.31,68.63,3.64%,"3,008,145"
209,RKLB,Rocket Lab Corp,Industrials,Aerospace & Defense,USA,38.82B,-,68.41,0.06%,"15,986,939"
210,VIK,Viking Holdings Ltd,Consumer Cyclical,Travel Services,Bermuda,30.31B,26.59,68.32,0.77%,"2,535,036"
211,AA,Alcoa Corp,Basic Materials,Aluminum,USA,16.78B,14.18,63.59,-3.55%,"5,743,284"
212,PSTG,Everpure Inc,Technology,Computer Hardware,USA,20.31B,112.80,61.50,0.82%,"2,123,392"
213,OKLO,Oklo Inc,Utilities,Utilities - Independent Power Producers,USA,9.12B,-,58.37,-2.05%,"5,806,716"
214,CE,Celanese Corp,Basic Materials,Chemicals,USA,6.33B,-,57.74,-3.12%,"3,138,106"
215,MP,MP Materials Corporation,Basic Materials,Other Industrial Metals & Mining,USA,10.16B,-,57.21,-4.70%,"5,440,927"
216,RBLX,Roblox Corporation,Communication Services,Electronic Gaming & Multimedia,USA,39.99B,-,56.42,0.21%,"7,376,815"
217,PAAS,Pan American Silver Corp,Basic Materials,Gold,Canada,23.68B,22.42,56.12,-6.58%,"7,696,577"
218,LMND,Lemonade Inc,Financial,Insurance - Property & Casualty,USA,4.21B,-,55.15,4.27%,"1,692,017"
219,CENX,Century Aluminum Co,Basic Materials,Aluminum,USA,5.42B,138.38,54.73,-5.16%,"2,292,608"
220,MRNA,Moderna Inc,Healthcare,Biotechnology,USA,20.76B,-,52.56,-1.55%,"6,561,686"
221,SEI,Solaris Energy Infrastructure Inc,Energy,Oil & Gas Equipment & Services,USA,3.56B,76.40,52.00,-2.49%,"1,621,220"
222,AXTI,AXT Inc,Technology,Semiconductor Equipment & Materials,USA,2.70B,-,48.86,4.56%,"10,603,103"
223,HUT,Hut 8 Corp,Financial,Capital Markets,USA,5.36B,-,48.32,-0.45%,"2,718,228"
224,VSCO,Victoria's Secret & Co,Consumer Cyclical,Apparel Retail,USA,3.60B,24.22,44.86,-0.24%,"1,826,351"
225,IREN,IREN Ltd,Financial,Capital Markets,Australia,13.79B,47.64,41.58,0.51%,"34,308,949"
226,HYMC,Hycroft Mining Holding Corporation,Basic Materials,Gold,USA,3.45B,-,37.93,-5.46%,"3,256,499"
227,FIGR,Figure Technology Solutions Inc,Financial,Capital Markets,USA,7.56B,-,35.07,-2.96%,"4,701,516"
